"secc","media_h","emc_media_h","cv_media_h","fgt0_h","emc_fgt0_h","cv_fgt0_h","fgt1_h","emc_fgt1_h","cv_fgt1_h","gini_h","emc_gini_h","cv_gini_h","cuota_quintil_h","emc_quintil_h","cv_quintil_h","media_m","emc_media_m","cv_media_m","fgt0_m","emc_fgt0_m","cv_fgt0_m","fgt1_m","emc_fgt1_m","cv_fgt1_m","gini_m","emc_gini_m","cv_gini_m","cuota_quintil_m","emc_quintil_m","cv_quintil_m","d_media","d_fgt0","d_fgt1","d_gini","d_quintil"
"1",26819.6415762114,2583301.91885665,0.0593751989544794,0.00202286719437115,3.44593504330627e-05,2.90192492011182,0.000314895264594825,1.96077669374185e-06,4.44680349496114,0.342845560452413,3.71912411527772e-05,0.0177877823113269,5.88016552736213,0.0426380580002403,0.0351163328088625,22722.6562573545,1685917.56713516,0.0568921018432523,0.00323254139668826,3.18777435170197e-06,0.552331345595921,0.000534434802769431,5.87142165138712e-07,1.43376146273962,0.342496093643785,6.88250665986576e-06,0.00765980471733971,5.88872761826483,0.00797985419064481,0.015169665741687,4096.98531885693,-0.00120967420231711,-0.000219539538174606,0.000349466808627574,-0.00856209090270266
"10",21400.9180384471,26848.3145362134,0.00756801871870042,0.00529660898882666,3.02040197392196e-06,0.328121327157803,0.000909002890802853,2.28448517323546e-07,0.525810080060809,0.34608916638241,5.13519847571684e-06,0.00654772772935098,5.99948449786967,0.00497209403347153,0.0117531893054778,20895.3605060194,14353.2571913181,0.00570626448425435,0.00471892934424687,3.67599850573096e-06,0.406297535784872,0.000793697412426857,2.85048495489487e-07,0.672673644260042,0.345928566095452,3.01867727021234e-06,0.00502252278525904,5.98166179882843,0.00306709949501365,0.00925853084391232,505.557532427672,0.000577679644579788,0.000115305478375996,0.000160600286957802,0.0178226990412362
"11",9016.68842448205,50288.3709008913,0.0241996576720864,0.10939174924869,8.99911243423484e-06,0.027423019462879,0.0266481233951522,5.04932027588619e-07,0.0266655059648851,0.34796090564445,7.7130360477539e-06,0.00798145791514982,6.05771020330762,0.00864532800683604,0.0153490762821016,8746.58252807002,24512.5912753581,0.0176977916744176,0.108873723262951,4.55437477036084e-06,0.0196015902866793,0.0262860355361972,3.83664818170723e-07,0.0235641021949582,0.348239206365494,5.29486955175254e-06,0.00660769468986445,6.04342005200895,0.00396538176248936,0.0104198081119269,270.105896412035,0.000518025985739287,0.000362087858954963,-0.000278300721043734,0.014290151298666
"12",19192.5066735871,37643.9791881885,0.00997919491994917,0.00844103828082878,9.86690366796496e-07,0.117677809110922,0.00151459158833519,4.50991620930739e-08,0.140213133802894,0.345125344788278,3.84054844504384e-06,0.00567831878307052,5.96498748770146,0.00301765785626306,0.00920927542624466,18587.1582736894,32981.3476971196,0.00971831417894246,0.00790142276422764,1.69801289315532e-06,0.164916911349355,0.00140374089706814,5.17251837297326e-08,0.162018298896264,0.345305903056545,9.4341908690078e-07,0.00281286135523201,5.96547292186214,0.000669534503582784,0.00433752112194374,605.348399897648,0.000539615516601134,0.000110850691267051,-0.000180558268266851,-0.000485434160674814
"13",8499.3811781192,173393.2292161,0.0475925231546644,0.127753957590981,7.01953275730305e-07,0.00655812574947746,0.0319921811916787,2.39184880621576e-07,0.0152870262367232,0.348445525398324,6.33954490789518e-06,0.00722593664481914,6.0759830721309,0.0109825443690438,0.0172478484679287,8587.96937595136,125897.089659096,0.0408403602154241,0.114678043727169,4.22696042778698e-06,0.017928081393901,0.0278345319645073,4.18252527361063e-07,0.0232346087578672,0.34843340827867,5.14050090598314e-06,0.00650703182665312,6.04873358294491,0.00547243962102191,0.0122299880560651,-88.5881978321595,0.0130759138638122,0.00415764922717132,1.21171196545977e-05,0.0272494891859862
"14",19632.1192397126,602353.676910049,0.0390358022072122,0.00763151239251391,4.30298144135555e-05,0.859555894128767,0.00135532695956073,5.35709130030486e-06,1.70773487203767,0.345218544852745,6.041472959019e-06,0.00711995584574452,5.96633126058612,0.00636377379956571,0.013370572544196,19844.3420190887,125558.380277228,0.0177665515015838,0.00598601106587326,5.54815940902147e-06,0.3934929447815,0.00102453577313045,4.02114779691717e-07,0.618939059859144,0.34549073064357,2.1591446081032e-06,0.00425308894361073,5.9735207812464,0.00189174539698771,0.00728116652999704,-212.222779376112,0.00164550132664065,0.000330791186430277,-0.000272185790825274,-0.00718952066027523
"15",23775.8596181109,32195.2503625261,0.00746821768152393,0.00304693038423366,2.29751357573813e-05,1.57313687593532,0.000503888858157373,2.38097580623909e-06,3.06226475398823,0.342898572167476,1.99863085546119e-06,0.00412287926680502,5.89080597404619,0.00228519468019104,0.00811496934553362,23971.3875508814,158382.641481986,0.016533038070413,0.00235194298320041,9.31246954278476e-07,0.410303898563747,0.000385338622896116,6.68549258383641e-08,0.671002540867147,0.343269739722184,1.52820086747843e-05,0.0113881898932174,5.896831728856,0.0169493857572783,0.0220779246624084,-195.527932770463,0.000694987401033252,0.000118550235261257,-0.000371167554708063,-0.00602575480981571
"16",9314.73237807661,169134.439880984,0.0429974996680546,0.10126159554731,2.58150574982339e-06,0.0158668889504889,0.0244513851005909,2.10055817246031e-07,0.0187440697192457,0.348520438302197,3.97694433096792e-06,0.00572198222505405,6.07829674605261,0.00447310086707392,0.0110032871548175,8620.84591076746,53833.7959615109,0.0266053446419728,0.113862188766647,4.62348228634156e-06,0.0188844817567687,0.0276439105442983,2.91113960295099e-07,0.0195178527540272,0.348240066868061,7.27550419749975e-06,0.00774555978181061,6.04902225173885,0.00824426313010386,0.0150103472797483,693.886467309145,-0.0126005932193375,-0.00319252544370732,0.00028037143413584,0.0292744943137588
"17",8389.01330735328,42906.1235197857,0.0239770360562315,0.132264645875838,2.7620767349507e-06,0.0125653357162911,0.0333227985130137,2.3131794274611e-07,0.0144332187366971,0.348940509726205,5.44163525925659e-06,0.00668518335471944,6.08794333587452,0.00406151866107444,0.010468238891699,8136.7512187976,45086.81584734,0.0257791642641052,0.131616961394347,2.35428143898035e-06,0.0116578195650045,0.0328006814411943,1.08015327531496e-07,0.0100198178614522,0.348485054314029,2.04107482335668e-06,0.00409963607308218,6.05147056726023,0.00262978349409794,0.0084742070765366,252.262088555673,0.000647684481490607,0.000522117071819463,0.000455455412175565,0.0364727686142929
"18",33958.5033221245,11124.1548299898,0.00308318396713502,0.000511614974343419,6.99304553273856e-07,1.63451883991063,7.52266403238952e-05,3.05008393491968e-08,2.3215830754505,0.343964536315779,3.51440981986209e-07,0.00172350494556236,5.92819366392726,0.000915543030078435,0.00510407441436648,33545.6709018082,92649.991451028,0.00904676895728324,0.000410084033613445,3.47629679349866e-07,1.43775724029414,5.95260609945386e-05,1.65532301834045e-08,2.16139544604314,0.344067661511976,2.3745131566297e-06,0.00447861194809332,5.92277309673774,0.00311429401630579,0.00942225189821854,412.832420316328,0.000101530940729974,1.57005793293567e-05,-0.000103125196196818,0.00542056718952377
"19",15786.9848197447,61825.2024020992,0.0155045817518433,0.0178236865538736,5.18610800322569e-06,0.127768337061389,0.00347441865811673,3.02536057400811e-07,0.158309297929188,0.344751434178222,1.13289121576303e-06,0.00308736533193917,5.953122738147,0.00345851308115862,0.00987870177025496,15388.2200322531,55938.5860801408,0.0152705342929272,0.0171815157116451,2.39833307115938e-05,0.285031773105403,0.00329467699501119,2.61620434567831e-06,0.490933861370726,0.344687519638003,1.76127588737214e-05,0.0121755373104118,5.95153007116412,0.0190532488980654,0.0231929444667248,398.764787491558,0.000642170842228451,0.000179741663105544,6.39145402190344e-05,0.00159266698288185
"2",15470.3088819835,1949554.37762812,0.0888191477239973,0.0193846153846154,0.000149426265925437,0.630603364353254,0.00389091435246137,1.23355334592478e-05,0.902666440899577,0.34478112662017,3.59856698874862e-05,0.0173988807447227,5.96341265351055,0.0213893649258883,0.0245247214017482,15852.0372420062,5485836.58902709,0.146826781337193,0.016588785046729,1.16826524150581e-05,0.206042185645133,0.00320683510743717,4.81257991219157e-07,0.216327806912732,0.346035760421301,0.000125039516264757,0.0323148883668065,5.98682406841087,0.0924027562235393,0.0507745364184663,-381.728360022747,0.00279583033788642,0.000684079245024204,-0.00125463380113083,-0.023411414900318
"20",12114.240974656,75701.8480667068,0.0222528571582985,0.0464655334629618,1.16098210676514e-06,0.0231889901241183,0.00997438396628929,8.25740817551227e-08,0.0288095048419718,0.346836149323019,3.86489481560699e-06,0.00566819109653426,6.02475298443167,0.00334974022228115,0.00960652502804869,12250.0723276236,307353.091832087,0.0448899676175635,0.0399096264020011,4.199114785764e-06,0.0513453609164541,0.00832027657134806,3.01178534276284e-07,0.0659590276770887,0.347260430236085,3.74314359084637e-06,0.00557138210251994,6.02450291539935,0.00338133863370748,0.00965212892943882,-135.831352967532,0.00655590706096067,0.00165410739494124,-0.000424280913065844,0.000250069032321498
"21",11301.5864955943,147910.365917618,0.0332933634167784,0.0577963561425694,1.63539980319753e-06,0.0221264383513297,0.0128033537600534,7.93500846129593e-08,0.0220013815041399,0.347615406819848,2.55580479751565e-06,0.00459901497550905,6.04657668634918,0.00347167569424551,0.00974451008051223,11284.3917319327,66515.9811525883,0.0226544315675239,0.0521949800531915,6.48541499457785e-05,0.154290842222312,0.0113080182702318,7.8556204248736e-06,0.247858458184796,0.348003953990165,3.5983380024465e-06,0.00545088223561455,6.0475850424099,0.00352554380619963,0.00981818188856281,17.1947636616133,0.00560137608937795,0.00149533548982161,-0.000388547170316667,-0.00100835606071925
"22",13120.900342394,271850.3680699,0.0389945857246531,0.0355295196797865,3.50607181527734e-06,0.0527012683529345,0.00741446979584824,1.62328162980624e-07,0.0543396499738618,0.34581461718329,4.52821240220864e-06,0.00615346944533649,5.99643596953498,0.00497646134686961,0.0117643277956133,13449.9200856699,74116.8976444084,0.020091940454978,0.028486027591086,1.06254547556666e-05,0.114430520288127,0.00571423169714969,4.36796207695358e-07,0.11565957274515,0.34650432539347,2.95654849616672e-06,0.00496230944866452,6.0021814474744,0.00351434257078492,0.00987672419900214,-329.01974327586,0.00704349208870056,0.00170023809869855,-0.000689708210179996,-0.00574547793941349
"23",23259.3759508044,570580.403929289,0.0321304882443643,0.00356272267016689,3.77383386292883e-05,1.724286274925,0.000577235648293187,3.50754645141742e-06,3.24450592563528,0.345070791904554,1.45455212861189e-05,0.011052396192959,5.96374602345744,0.0120044224768524,0.0183717909789208,23791.6718020679,608245.516750212,0.0326432144409947,0.00245266657031363,9.01597890282076e-07,0.387139898344824,0.00039427744682636,1.4252310792771e-08,0.302789427286701,0.343769210838675,4.28105056489628e-06,0.00601877629118052,5.90788779992251,0.00280722374631209,0.00896822045952364,-532.29585126348,0.00111005609985326,0.000182958201466827,0.00130158106587991,0.0558582235349272
"24",26445.5905167459,22688.9169196624,0.00564244520660622,0.00187217079927032,1.50526582645303e-05,2.0723405923074,0.000291661315650907,7.52242033025322e-07,2.97371927528883,0.344812909535243,5.90636322220264e-06,0.00704817304883938,5.95849976756596,0.00544922572457978,0.0123888350993763,26827.0861780569,70426.1696120857,0.00985547757042062,0.001421803528643,5.17807005087611e-07,0.506109364373556,0.000222527081761213,2.05717607162547e-08,0.64454442967055,0.344261315801734,3.98059197926667e-06,0.00579542923769998,5.93100128013135,0.00278844895284128,0.0089033476456843,-381.495661310975,0.000450367270627323,6.91342338896934e-05,0.000551593733508438,0.0274984874346149
"3",15786.0163809345,371263.762624355,0.0379966046127142,0.0185317647058824,9.33554934256056e-05,0.521378552437192,0.00352166957812414,1.24400866915673e-05,1.00152800511639,0.344661895636279,1.1900212942902e-05,0.0100088480049623,5.9447486493102,0.00859742707766824,0.0155973476961858,15945.7978198854,931596.17451216,0.0601523408230802,0.0150117279124316,5.59997579226832e-05,0.498496818135254,0.00280607458551724,2.32478251499994e-06,0.543365368211635,0.342616822357331,4.28723922725582e-05,0.0191108575807315,5.89741096056163,0.0348517706048062,0.0316556350791159,-159.781438950891,0.00352003679345076,0.000715594992606902,0.00204507327894843,0.0473376887485752
"4",23821.4211108032,2580193.71978902,0.0667305072779618,0.00307196029776675,0.00015036944504307,3.99175795925205,0.000491533070209928,1.1485208361973e-05,6.89472100082996,0.34231633081163,2.07610769978326e-05,0.0133105904559574,5.87587956564056,0.0204060375049364,0.0243112032685987,24228.6121855985,457663.365051074,0.0278071025960921,0.00224723700368399,6.23180902807507e-05,3.51283855373346,0.000393089539006323,3.48950379303315e-06,4.75215230219115,0.342245263752278,1.67092307180514e-05,0.0119437521096037,5.86781037900719,0.0104442019491516,0.0174165270811161,-407.191074795224,0.000824723294082755,9.84435312036044e-05,7.10670593523921e-05,0.0080691866333682
"5",21635.6520117381,662282.859639958,0.0371845275696642,0.00508716586418728,8.18405752104894e-06,0.562352252144108,0.000855571692608915,4.29462790812497e-07,0.765960482224647,0.344076830794598,1.66354749606421e-05,0.011853924944536,5.93699279636777,0.0117856358434905,0.0182856324932413,22656.5131500881,444018.79067366,0.0292816103008112,0.00312375382161372,9.65704877500128e-05,3.14590361163937,0.000507990505136886,1.07783909968162e-05,6.46280975827584,0.343850435499212,2.06823839646365e-05,0.0132260670335247,5.91705253356023,0.0233983462353397,0.0258515838664259,-1020.86113835001,0.00196341204257356,0.000347581187472028,0.00022639529538665,0.0199402628075358
"6",28004.9073785764,3526439.46099217,0.0664621411332516,0.00142298288508557,2.24645189830286e-05,3.33080252527561,0.000210184922835438,1.09703409343039e-06,4.98320212116293,0.342146113937891,2.25147309679228e-05,0.0138682534252052,5.87311633351039,0.0116049078565586,0.0183422346447806,25951.4831043427,546314.57169285,0.0283719339165947,0.0016,8.06139590987279e-05,5.61157979297636,0.000244660270242987,5.51801230664117e-06,9.60125228029794,0.342420675191775,5.64830973461935e-06,0.0069406360666718,5.86367503734697,0.0015891051428875,0.00679839544443645,2053.42427423375,-0.000177017114914426,-3.44753474075498e-05,-0.000274561253884809,0.00944129616341627
"7",19986.8261521639,286096.331593245,0.0264310090729354,0.00668441486411536,3.29714652568023e-06,0.271647509402076,0.00119379008307283,1.01566338233912e-07,0.266960453079938,0.344131110525842,9.649748879707e-06,0.00902680518814732,5.92868243995732,0.00856050928092845,0.0156060003571918,20176.0042925496,688786.96454058,0.0409317285389042,0.00535968660968661,8.80845249835635e-06,0.553745757418618,0.000917244047602284,3.3374744705038e-07,0.629831060099875,0.343131432511446,1.0979439533062e-05,0.00965671873700796,5.88792059561876,0.00916222312803446,0.0162569281946959,-189.178140385728,0.00132472825442875,0.000276546035470549,0.000999678014395711,0.0407618443385562
"8",17876.0655911382,791474.005646862,0.0490811557419967,0.0110264735264735,1.04041113731423e-05,0.29252693256228,0.00203873774404848,2.92097743633904e-07,0.265095733283777,0.344375102280467,7.44581505118407e-06,0.00792363345585641,5.93631402769094,0.00453551001812941,0.0113447831367539,17664.0377942128,15283.7608115925,0.00695942610260141,0.00998619224641529,9.17453414554972e-06,0.303313742823124,0.00178000459002117,1.29542314222196e-06,0.639417772790391,0.344476466455441,1.14665445541e-05,0.00983007256562192,5.9442579387311,0.0060958810893601,0.0131347132792234,212.027796925424,0.00104028128005823,0.000258733154027315,-0.000101364174974194,-0.00794391104015801
"9",10352.0451292377,90118.6388018786,0.0283150715316904,0.0754030442910006,8.00627663203995e-06,0.0375254937790891,0.0172322017312008,4.58858056936057e-07,0.0393095806422528,0.348256248735253,4.80253530329608e-06,0.00629269040474028,6.06385556802945,0.00590821354208918,0.0126759128126609,10655.9937175183,425539.529737806,0.0606484093266455,0.0622652359913037,7.00288115113015e-06,0.0425003727891323,0.0137097367747868,3.39284988613139e-07,0.0424867201438794,0.348223136578158,3.66697091805887e-06,0.0054991568846795,6.04665890739083,0.00466714654532452,0.011298225749882,-303.948588280611,0.0131378082996969,0.00352246495641399,3.31121570941728e-05,0.0171966606386178
"99",9406.46996272487,6105.94222774844,0.00809203870730397,0.0982760296833987,5.65413498247578e-06,0.0241955491433521,0.0235143154094796,1.51139988658152e-06,0.0522826212522722,0.348186865246606,1.58367668718231e-07,0.00114293327747143,6.06605500771478,0.000550824986928255,0.00386901552309223,9137.57476184511,103207.39344635,0.0347774262787697,0.097240269416463,4.19900378703805e-05,0.0666387711256424,0.0230728023065089,2.99737490094494e-06,0.0750360887203404,0.348503582364364,4.73572370270342e-06,0.00624433122076253,6.05532013848744,0.00547464115402106,0.0122191422330118,268.895200879766,0.00103576026693566,0.000441513102970668,-0.00031671711775727,0.0107348692273366
